Date,Target_Time,Time,Temperature,Weather,Humidity,Time_clean,Time_parsed
2025-08-23,06:00,05:30,26 °C,Fog.,87%,05:30,05:30:00
2025-08-23,12:00,11:30,31 °C,Overcast.,74%,11:30,11:30:00
2025-08-23,18:00,17:30,26 °C,Overcast.,94%,17:30,17:30:00
2025-08-23,00:00,05:30,26 °C,Fog.,87%,05:30,05:30:00
2025-08-24,06:00,05:30,26 °C,Fog.,92%,05:30,05:30:00
2025-08-24,12:00,11:30,29 °C,Overcast.,82%,11:30,11:30:00
2025-08-24,18:00,17:30,28 °C,Fog.,86%,17:30,17:30:00
2025-08-24,00:00,05:30,26 °C,Fog.,92%,05:30,05:30:00
2025-08-25,06:00,05:30,26 °C,Light rain. Overcast.,95%,05:30,05:30:00
2025-08-25,12:00,11:30,27 °C,Fog.,90%,11:30,11:30:00
2025-08-25,18:00,17:30,30 °C,Overcast.,78%,17:30,17:30:00
2025-08-25,00:00,05:30,26 °C,Light rain. Overcast.,95%,05:30,05:30:00
